,player_id,pro_team_id,year,period,stat_type,player_name,rush_attempts,yds_perCarry,rush_yds,rush_tds,rush_yds_perGame,rush_firstDowns,targets,receptions,yds_perRec,receiving_yds,receiving_tds,rec_yds_perGame,receiving_firstDowns,pass_attempts,completions,completion_pct,pass_yds,pass_tds,ints_thrown,games_played,pp.position,total_pass_attempts,total_rush_attempts,target_share,share_of_backfield,ypa
69,3042519,16,2024,Week 02,Actual Stats,Aaron Jones,9,3.56,32.00,0,32.00,1,6,5,7.20,36.00,0,36.00,1,0,0,0.000000,0.00,0,,1,RB,26.0,24,0.23076923076923078,0.375,
70,3042519,16,2024,Week 02,Actual Stats,Aaron Jones,9,3.56,32.00,0,32.00,1,6,5,7.20,36.00,0,36.00,1,0,0,0.000000,0.00,0,,1,RB,26.0,19,0.23076923076923078,0.47368421052631576,
71,3042519,16,2024,Week 02,Actual Stats,Aaron Jones,9,3.56,32.00,0,32.00,1,6,5,7.20,36.00,0,36.00,1,0,0,0.000000,0.00,0,,1,RB,21.0,24,0.2857142857142857,0.375,
72,3042519,16,2024,Week 02,Actual Stats,Aaron Jones,9,3.56,32.00,0,32.00,1,6,5,7.20,36.00,0,36.00,1,0,0,0.000000,0.00,0,,1,RB,21.0,19,0.2857142857142857,0.47368421052631576,
73,3912547,16,2024,Week 02,Actual Stats,Sam Darnold,5,6.40,32.00,0,32.00,2,0,0,0.00,0.00,0,0.00,0,26,17,65.380000,268.00,2,,1,QB,26.0,24,0.0,0.20833333333333334,10.307692307692308
74,3912547,16,2024,Week 02,Actual Stats,Sam Darnold,5,6.40,32.00,0,32.00,2,0,0,0.00,0.00,0,0.00,0,26,17,65.380000,268.00,2,,1,QB,26.0,19,0.0,0.2631578947368421,10.307692307692308
75,3912547,16,2024,Week 02,Actual Stats,Sam Darnold,5,6.40,32.00,0,32.00,2,0,0,0.00,0.00,0,0.00,0,26,17,65.380000,268.00,2,,1,QB,21.0,24,0.0,0.20833333333333334,10.307692307692308
76,3912547,16,2024,Week 02,Actual Stats,Sam Darnold,5,6.40,32.00,0,32.00,2,0,0,0.00,0.00,0,0.00,0,26,17,65.380000,268.00,2,,1,QB,21.0,19,0.0,0.2631578947368421,10.307692307692308
77,4036133,16,2024,Week 02,Actual Stats,T.J. Hockenson,0,0.00,0.00,0,0.00,0,0,0,0.00,0.00,0,0.00,0,0,0,0.000000,0.00,0,,0,TE,26.0,24,0.0,0.0,
78,4036133,16,2024,Week 02,Actual Stats,T.J. Hockenson,0,0.00,0.00,0,0.00,0,0,0,0.00,0.00,0,0.00,0,0,0,0.000000,0.00,0,,0,TE,26.0,19,0.0,0.0,
79,4036133,16,2024,Week 02,Actual Stats,T.J. Hockenson,0,0.00,0.00,0,0.00,0,0,0,0.00,0.00,0,0.00,0,0,0,0.000000,0.00,0,,0,TE,21.0,24,0.0,0.0,
80,4036133,16,2024,Week 02,Actual Stats,T.J. Hockenson,0,0.00,0.00,0,0.00,0,0,0,0.00,0.00,0,0.00,0,0,0,0.000000,0.00,0,,0,TE,21.0,19,0.0,0.0,
81,4242431,16,2024,Week 02,Actual Stats,Ty Chandler,10,8.20,82.00,0,82.00,5,0,0,0.00,0.00,0,0.00,0,0,0,0.000000,0.00,0,,1,RB,26.0,24,0.0,0.4166666666666667,
82,4242431,16,2024,Week 02,Actual Stats,Ty Chandler,10,8.20,82.00,0,82.00,5,0,0,0.00,0.00,0,0.00,0,0,0,0.000000,0.00,0,,1,RB,26.0,19,0.0,0.5263157894736842,
83,4242431,16,2024,Week 02,Actual Stats,Ty Chandler,10,8.20,82.00,0,82.00,5,0,0,0.00,0.00,0,0.00,0,0,0,0.000000,0.00,0,,1,RB,21.0,24,0.0,0.4166666666666667,
84,4242431,16,2024,Week 02,Actual Stats,Ty Chandler,10,8.20,82.00,0,82.00,5,0,0,0.00,0.00,0,0.00,0,0,0,0.000000,0.00,0,,1,RB,21.0,19,0.0,0.5263157894736842,
85,4262921,16,2024,Week 02,Actual Stats,Justin Jefferson,0,0.00,0.00,0,0.00,0,7,4,33.25,133.00,1,133.00,2,0,0,0.000000,0.00,0,,1,WR,26.0,24,0.2692307692307692,0.0,
86,4262921,16,2024,Week 02,Actual Stats,Justin Jefferson,0,0.00,0.00,0,0.00,0,7,4,33.25,133.00,1,133.00,2,0,0,0.000000,0.00,0,,1,WR,26.0,19,0.2692307692307692,0.0,
87,4262921,16,2024,Week 02,Actual Stats,Justin Jefferson,0,0.00,0.00,0,0.00,0,7,4,33.25,133.00,1,133.00,2,0,0,0.000000,0.00,0,,1,WR,21.0,24,0.3333333333333333,0.0,
88,4262921,16,2024,Week 02,Actual Stats,Justin Jefferson,0,0.00,0.00,0,0.00,0,7,4,33.25,133.00,1,133.00,2,0,0,0.000000,0.00,0,,1,WR,21.0,19,0.3333333333333333,0.0,
89,4429205,16,2024,Week 02,Actual Stats,Jordan Addison,0,0.00,0.00,0,0.00,0,0,0,0.00,0.00,0,0.00,0,0,0,0.000000,0.00,0,,0,WR,26.0,24,0.0,0.0,
90,4429205,16,2024,Week 02,Actual Stats,Jordan Addison,0,0.00,0.00,0,0.00,0,0,0,0.00,0.00,0,0.00,0,0,0,0.000000,0.00,0,,0,WR,26.0,19,0.0,0.0,
91,4429205,16,2024,Week 02,Actual Stats,Jordan Addison,0,0.00,0.00,0,0.00,0,0,0,0.00,0.00,0,0.00,0,0,0,0.000000,0.00,0,,0,WR,21.0,24,0.0,0.0,
92,4429205,16,2024,Week 02,Actual Stats,Jordan Addison,0,0.00,0.00,0,0.00,0,0,0,0.00,0.00,0,0.00,0,0,0,0.000000,0.00,0,,0,WR,21.0,19,0.0,0.0,
93,4567104,16,2024,Week 02,Actual Stats,Will Reichard,0,0.00,0.00,0,0.00,0,0,0,0.00,0.00,0,0.00,0,0,0,0.000000,0.00,0,,1,K,26.0,24,0.0,0.0,
94,4567104,16,2024,Week 02,Actual Stats,Will Reichard,0,0.00,0.00,0,0.00,0,0,0,0.00,0.00,0,0.00,0,0,0,0.000000,0.00,0,,1,K,26.0,19,0.0,0.0,
95,4567104,16,2024,Week 02,Actual Stats,Will Reichard,0,0.00,0.00,0,0.00,0,0,0,0.00,0.00,0,0.00,0,0,0,0.000000,0.00,0,,1,K,21.0,24,0.0,0.0,
96,4567104,16,2024,Week 02,Actual Stats,Will Reichard,0,0.00,0.00,0,0.00,0,0,0,0.00,0.00,0,0.00,0,0,0,0.000000,0.00,0,,1,K,21.0,19,0.0,0.0,
97,-16016,16,2024,Week 04,Actual Stats,Vikings D/ST,0,0.00,0.00,0,0.00,0,0,0,0.00,0.00,0,0.00,0,0,0,0.000000,0.00,0,,1,DEF,28.0,34,0.0,0.0,
98,-16016,16,2024,Week 04,Actual Stats,Vikings D/ST,0,0.00,0.00,0,0.00,0,0,0,0.00,0.00,0,0.00,0,0,0,0.000000,0.00,0,,1,DEF,28.0,18,0.0,0.0,
99,-16016,16,2024,Week 04,Actual Stats,Vikings D/ST,0,0.00,0.00,0,0.00,0,0,0,0.00,0.00,0,0.00,0,0,0,0.000000,0.00,0,,1,DEF,0.0,34,,0.0,
100,-16016,16,2024,Week 04,Actual Stats,Vikings D/ST,0,0.00,0.00,0,0.00,0,0,0,0.00,0.00,0,0.00,0,0,0,0.000000,0.00,0,,1,DEF,0.0,18,,0.0,
101,3042519,16,2024,Week 04,Actual Stats,Aaron Jones,22,4.23,93.00,0,93.00,5,5,4,11.50,46.00,0,46.00,2,0,0,0.000000,0.00,0,,1,RB,28.0,34,0.17857142857142858,0.6470588235294118,
102,3042519,16,2024,Week 04,Actual Stats,Aaron Jones,22,4.23,93.00,0,93.00,5,5,4,11.50,46.00,0,46.00,2,0,0,0.000000,0.00,0,,1,RB,28.0,18,0.17857142857142858,1.2222222222222223,
103,3042519,16,2024,Week 04,Actual Stats,Aaron Jones,22,4.23,93.00,0,93.00,5,5,4,11.50,46.00,0,46.00,2,0,0,0.000000,0.00,0,,1,RB,0.0,34,inf,0.6470588235294118,
104,3042519,16,2024,Week 04,Actual Stats,Aaron Jones,22,4.23,93.00,0,93.00,5,5,4,11.50,46.00,0,46.00,2,0,0,0.000000,0.00,0,,1,RB,0.0,18,inf,1.2222222222222223,
105,3912547,16,2024,Week 04,Actual Stats,Sam Darnold,7,2.14,15.00,0,15.00,2,0,0,0.00,0.00,0,0.00,0,28,20,71.430000,275.00,3,,1,QB,28.0,34,0.0,0.20588235294117646,9.821428571428571
106,3912547,16,2024,Week 04,Actual Stats,Sam Darnold,7,2.14,15.00,0,15.00,2,0,0,0.00,0.00,0,0.00,0,28,20,71.430000,275.00,3,,1,QB,28.0,18,0.0,0.3888888888888889,9.821428571428571
107,3912547,16,2024,Week 04,Actual Stats,Sam Darnold,7,2.14,15.00,0,15.00,2,0,0,0.00,0.00,0,0.00,0,28,20,71.430000,275.00,3,,1,QB,0.0,34,,0.20588235294117646,9.821428571428571
108,3912547,16,2024,Week 04,Actual Stats,Sam Darnold,7,2.14,15.00,0,15.00,2,0,0,0.00,0.00,0,0.00,0,28,20,71.430000,275.00,3,,1,QB,0.0,18,,0.3888888888888889,9.821428571428571
109,4036133,16,2024,Week 04,Actual Stats,T.J. Hockenson,0,0.00,0.00,0,0.00,0,0,0,0.00,0.00,0,0.00,0,0,0,0.000000,0.00,0,,0,TE,28.0,34,0.0,0.0,
110,4036133,16,2024,Week 04,Actual Stats,T.J. Hockenson,0,0.00,0.00,0,0.00,0,0,0,0.00,0.00,0,0.00,0,0,0,0.000000,0.00,0,,0,TE,28.0,18,0.0,0.0,
111,4036133,16,2024,Week 04,Actual Stats,T.J. Hockenson,0,0.00,0.00,0,0.00,0,0,0,0.00,0.00,0,0.00,0,0,0,0.000000,0.00,0,,0,TE,0.0,34,,0.0,
112,4036133,16,2024,Week 04,Actual Stats,T.J. Hockenson,0,0.00,0.00,0,0.00,0,0,0,0.00,0.00,0,0.00,0,0,0,0.000000,0.00,0,,0,TE,0.0,18,,0.0,
113,4242431,16,2024,Week 04,Actual Stats,Ty Chandler,3,1.67,5.00,0,5.00,0,1,1,8.00,8.00,0,8.00,0,0,0,0.000000,0.00,0,,1,RB,28.0,34,0.03571428571428571,0.08823529411764706,
114,4242431,16,2024,Week 04,Actual Stats,Ty Chandler,3,1.67,5.00,0,5.00,0,1,1,8.00,8.00,0,8.00,0,0,0,0.000000,0.00,0,,1,RB,28.0,18,0.03571428571428571,0.16666666666666666,
115,4242431,16,2024,Week 04,Actual Stats,Ty Chandler,3,1.67,5.00,0,5.00,0,1,1,8.00,8.00,0,8.00,0,0,0,0.000000,0.00,0,,1,RB,0.0,34,inf,0.08823529411764706,
116,4242431,16,2024,Week 04,Actual Stats,Ty Chandler,3,1.67,5.00,0,5.00,0,1,1,8.00,8.00,0,8.00,0,0,0,0.000000,0.00,0,,1,RB,0.0,18,inf,0.16666666666666666,
117,4262921,16,2024,Week 04,Actual Stats,Justin Jefferson,0,0.00,0.00,0,0.00,0,8,6,14.17,85.00,1,85.00,4,0,0,0.000000,0.00,0,,1,WR,28.0,34,0.2857142857142857,0.0,
118,4262921,16,2024,Week 04,Actual Stats,Justin Jefferson,0,0.00,0.00,0,0.00,0,8,6,14.17,85.00,1,85.00,4,0,0,0.000000,0.00,0,,1,WR,28.0,18,0.2857142857142857,0.0,
119,4262921,16,2024,Week 04,Actual Stats,Justin Jefferson,0,0.00,0.00,0,0.00,0,8,6,14.17,85.00,1,85.00,4,0,0,0.000000,0.00,0,,1,WR,0.0,34,inf,0.0,
120,4262921,16,2024,Week 04,Actual Stats,Justin Jefferson,0,0.00,0.00,0,0.00,0,8,6,14.17,85.00,1,85.00,4,0,0,0.000000,0.00,0,,1,WR,0.0,18,inf,0.0,
121,4382466,16,2024,Week 04,Actual Stats,Jalen Nailor,1,0.00,0.00,0,0.00,0,2,1,31.00,31.00,0,31.00,1,0,0,0.000000,0.00,0,,1,WR,28.0,34,0.07142857142857142,0.029411764705882353,
122,4382466,16,2024,Week 04,Actual Stats,Jalen Nailor,1,0.00,0.00,0,0.00,0,2,1,31.00,31.00,0,31.00,1,0,0,0.000000,0.00,0,,1,WR,28.0,18,0.07142857142857142,0.05555555555555555,
123,4382466,16,2024,Week 04,Actual Stats,Jalen Nailor,1,0.00,0.00,0,0.00,0,2,1,31.00,31.00,0,31.00,1,0,0,0.000000,0.00,0,,1,WR,0.0,34,inf,0.029411764705882353,
124,4382466,16,2024,Week 04,Actual Stats,Jalen Nailor,1,0.00,0.00,0,0.00,0,2,1,31.00,31.00,0,31.00,1,0,0,0.000000,0.00,0,,1,WR,0.0,18,inf,0.05555555555555555,
125,4429205,16,2024,Week 04,Actual Stats,Jordan Addison,1,7.00,7.00,1,7.00,1,4,3,24.00,72.00,1,72.00,3,0,0,0.000000,0.00,0,,1,WR,28.0,34,0.14285714285714285,0.029411764705882353,
126,4429205,16,2024,Week 04,Actual Stats,Jordan Addison,1,7.00,7.00,1,7.00,1,4,3,24.00,72.00,1,72.00,3,0,0,0.000000,0.00,0,,1,WR,28.0,18,0.14285714285714285,0.05555555555555555,
127,4429205,16,2024,Week 04,Actual Stats,Jordan Addison,1,7.00,7.00,1,7.00,1,4,3,24.00,72.00,1,72.00,3,0,0,0.000000,0.00,0,,1,WR,0.0,34,inf,0.029411764705882353,
128,4429205,16,2024,Week 04,Actual Stats,Jordan Addison,1,7.00,7.00,1,7.00,1,4,3,24.00,72.00,1,72.00,3,0,0,0.000000,0.00,0,,1,WR,0.0,18,inf,0.05555555555555555,
129,4567104,16,2024,Week 04,Actual Stats,Will Reichard,0,0.00,0.00,0,0.00,0,0,0,0.00,0.00,0,0.00,0,0,0,0.000000,0.00,0,,1,K,28.0,34,0.0,0.0,
130,4567104,16,2024,Week 04,Actual Stats,Will Reichard,0,0.00,0.00,0,0.00,0,0,0,0.00,0.00,0,0.00,0,0,0,0.000000,0.00,0,,1,K,28.0,18,0.0,0.0,
131,4567104,16,2024,Week 04,Actual Stats,Will Reichard,0,0.00,0.00,0,0.00,0,0,0,0.00,0.00,0,0.00,0,0,0,0.000000,0.00,0,,1,K,0.0,34,,0.0,
132,4567104,16,2024,Week 04,Actual Stats,Will Reichard,0,0.00,0.00,0,0.00,0,0,0,0.00,0.00,0,0.00,0,0,0,0.000000,0.00,0,,1,K,0.0,18,,0.0,
133,-16016,16,2024,Week 05,Actual Stats,Vikings D/ST,0,0.00,0.00,0,0.00,0,0,0,0.00,0.00,0,0.00,0,0,0,0.000000,0.00,0,,1,DEF,31.0,26,0.0,0.0,
134,-16016,16,2024,Week 05,Actual Stats,Vikings D/ST,0,0.00,0.00,0,0.00,0,0,0,0.00,0.00,0,0.00,0,0,0,0.000000,0.00,0,,1,DEF,31.0,16,0.0,0.0,
135,-16016,16,2024,Week 05,Actual Stats,Vikings D/ST,0,0.00,0.00,0,0.00,0,0,0,0.00,0.00,0,0.00,0,0,0,0.000000,0.00,0,,1,DEF,0.0,26,,0.0,
136,-16016,16,2024,Week 05,Actual Stats,Vikings D/ST,0,0.00,0.00,0,0.00,0,0,0,0.00,0.00,0,0.00,0,0,0,0.000000,0.00,0,,1,DEF,0.0,16,,0.0,
137,3042519,16,2024,Week 05,Actual Stats,Aaron Jones,7,4.14,29.00,0,29.00,1,1,1,24.00,24.00,0,24.00,1,0,0,0.000000,0.00,0,,1,RB,31.0,26,0.03225806451612903,0.2692307692307692,
138,3042519,16,2024,Week 05,Actual Stats,Aaron Jones,7,4.14,29.00,0,29.00,1,1,1,24.00,24.00,0,24.00,1,0,0,0.000000,0.00,0,,1,RB,31.0,16,0.03225806451612903,0.4375,
139,3042519,16,2024,Week 05,Actual Stats,Aaron Jones,7,4.14,29.00,0,29.00,1,1,1,24.00,24.00,0,24.00,1,0,0,0.000000,0.00,0,,1,RB,0.0,26,inf,0.2692307692307692,
140,3042519,16,2024,Week 05,Actual Stats,Aaron Jones,7,4.14,29.00,0,29.00,1,1,1,24.00,24.00,0,24.00,1,0,0,0.000000,0.00,0,,1,RB,0.0,16,inf,0.4375,
141,3912547,16,2024,Week 05,Actual Stats,Sam Darnold,5,2.20,11.00,0,11.00,2,0,0,0.00,0.00,0,0.00,0,31,14,45.160000,179.00,0,,1,QB,31.0,26,0.0,0.19230769230769232,5.774193548387097
142,3912547,16,2024,Week 05,Actual Stats,Sam Darnold,5,2.20,11.00,0,11.00,2,0,0,0.00,0.00,0,0.00,0,31,14,45.160000,179.00,0,,1,QB,31.0,16,0.0,0.3125,5.774193548387097
143,3912547,16,2024,Week 05,Actual Stats,Sam Darnold,5,2.20,11.00,0,11.00,2,0,0,0.00,0.00,0,0.00,0,31,14,45.160000,179.00,0,,1,QB,0.0,26,,0.19230769230769232,5.774193548387097
144,3912547,16,2024,Week 05,Actual Stats,Sam Darnold,5,2.20,11.00,0,11.00,2,0,0,0.00,0.00,0,0.00,0,31,14,45.160000,179.00,0,,1,QB,0.0,16,,0.3125,5.774193548387097
145,4036133,16,2024,Week 05,Actual Stats,T.J. Hockenson,0,0.00,0.00,0,0.00,0,0,0,0.00,0.00,0,0.00,0,0,0,0.000000,0.00,0,,0,TE,31.0,26,0.0,0.0,
146,4036133,16,2024,Week 05,Actual Stats,T.J. Hockenson,0,0.00,0.00,0,0.00,0,0,0,0.00,0.00,0,0.00,0,0,0,0.000000,0.00,0,,0,TE,31.0,16,0.0,0.0,
147,4036133,16,2024,Week 05,Actual Stats,T.J. Hockenson,0,0.00,0.00,0,0.00,0,0,0,0.00,0.00,0,0.00,0,0,0,0.000000,0.00,0,,0,TE,0.0,26,,0.0,
148,4036133,16,2024,Week 05,Actual Stats,T.J. Hockenson,0,0.00,0.00,0,0.00,0,0,0,0.00,0.00,0,0.00,0,0,0,0.000000,0.00,0,,0,TE,0.0,16,,0.0,
149,4242431,16,2024,Week 05,Actual Stats,Ty Chandler,14,2.14,30.00,0,30.00,1,2,2,4.50,9.00,0,9.00,0,0,0,0.000000,0.00,0,,1,RB,31.0,26,0.06451612903225806,0.5384615384615384,
150,4242431,16,2024,Week 05,Actual Stats,Ty Chandler,14,2.14,30.00,0,30.00,1,2,2,4.50,9.00,0,9.00,0,0,0,0.000000,0.00,0,,1,RB,31.0,16,0.06451612903225806,0.875,
151,4242431,16,2024,Week 05,Actual Stats,Ty Chandler,14,2.14,30.00,0,30.00,1,2,2,4.50,9.00,0,9.00,0,0,0,0.000000,0.00,0,,1,RB,0.0,26,inf,0.5384615384615384,
152,4242431,16,2024,Week 05,Actual Stats,Ty Chandler,14,2.14,30.00,0,30.00,1,2,2,4.50,9.00,0,9.00,0,0,0,0.000000,0.00,0,,1,RB,0.0,16,inf,0.875,
153,4262921,16,2024,Week 05,Actual Stats,Justin Jefferson,0,0.00,0.00,0,0.00,0,14,6,15.33,92.00,0,92.00,4,0,0,0.000000,0.00,0,,1,WR,31.0,26,0.45161290322580644,0.0,
154,4262921,16,2024,Week 05,Actual Stats,Justin Jefferson,0,0.00,0.00,0,0.00,0,14,6,15.33,92.00,0,92.00,4,0,0,0.000000,0.00,0,,1,WR,31.0,16,0.45161290322580644,0.0,
155,4262921,16,2024,Week 05,Actual Stats,Justin Jefferson,0,0.00,0.00,0,0.00,0,14,6,15.33,92.00,0,92.00,4,0,0,0.000000,0.00,0,,1,WR,0.0,26,inf,0.0,
156,4262921,16,2024,Week 05,Actual Stats,Justin Jefferson,0,0.00,0.00,0,0.00,0,14,6,15.33,92.00,0,92.00,4,0,0,0.000000,0.00,0,,1,WR,0.0,16,inf,0.0,
157,4429205,16,2024,Week 05,Actual Stats,Jordan Addison,0,0.00,0.00,0,0.00,0,8,3,12.00,36.00,0,36.00,1,0,0,0.000000,0.00,0,,1,WR,31.0,26,0.25806451612903225,0.0,
158,4429205,16,2024,Week 05,Actual Stats,Jordan Addison,0,0.00,0.00,0,0.00,0,8,3,12.00,36.00,0,36.00,1,0,0,0.000000,0.00,0,,1,WR,31.0,16,0.25806451612903225,0.0,
159,4429205,16,2024,Week 05,Actual Stats,Jordan Addison,0,0.00,0.00,0,0.00,0,8,3,12.00,36.00,0,36.00,1,0,0,0.000000,0.00,0,,1,WR,0.0,26,inf,0.0,
160,4429205,16,2024,Week 05,Actual Stats,Jordan Addison,0,0.00,0.00,0,0.00,0,8,3,12.00,36.00,0,36.00,1,0,0,0.000000,0.00,0,,1,WR,0.0,16,inf,0.0,
161,4567104,16,2024,Week 05,Actual Stats,Will Reichard,0,0.00,0.00,0,0.00,0,0,0,0.00,0.00,0,0.00,0,0,0,0.000000,0.00,0,,1,K,31.0,26,0.0,0.0,
162,4567104,16,2024,Week 05,Actual Stats,Will Reichard,0,0.00,0.00,0,0.00,0,0,0,0.00,0.00,0,0.00,0,0,0,0.000000,0.00,0,,1,K,31.0,16,0.0,0.0,
163,4567104,16,2024,Week 05,Actual Stats,Will Reichard,0,0.00,0.00,0,0.00,0,0,0,0.00,0.00,0,0.00,0,0,0,0.000000,0.00,0,,1,K,0.0,26,,0.0,
164,4567104,16,2024,Week 05,Actual Stats,Will Reichard,0,0.00,0.00,0,0.00,0,0,0,0.00,0.00,0,0.00,0,0,0,0.000000,0.00,0,,1,K,0.0,16,,0.0,
165,-16016,16,2024,Week 07,Actual Stats,Vikings D/ST,0,0.00,0.00,0,0.00,0,0,0,0.00,0.00,0,0.00,0,0,0,0.000000,0.00,0,,1,DEF,27.0,21,0.0,0.0,
166,3042519,16,2024,Week 07,Actual Stats,Aaron Jones,14,6.64,93.00,1,93.00,3,3,3,7.67,23.00,0,23.00,2,0,0,0.000000,0.00,0,,1,RB,27.0,21,0.1111111111111111,0.6666666666666666,
167,3912547,16,2024,Week 07,Actual Stats,Sam Darnold,4,9.75,39.00,0,39.00,1,0,0,0.00,0.00,0,0.00,0,27,22,81.480000,259.00,1,,1,QB,27.0,21,0.0,0.19047619047619047,9.592592592592593
168,4036133,16,2024,Week 07,Actual Stats,T.J. Hockenson,0,0.00,0.00,0,0.00,0,0,0,0.00,0.00,0,0.00,0,0,0,0.000000,0.00,0,,0,TE,27.0,21,0.0,0.0,
169,4242431,16,2024,Week 07,Actual Stats,Ty Chandler,2,2.00,4.00,0,4.00,0,0,0,0.00,0.00,0,0.00,0,0,0,0.000000,0.00,0,,1,RB,27.0,21,0.0,0.09523809523809523,
170,4262921,16,2024,Week 07,Actual Stats,Justin Jefferson,1,3.00,3.00,0,3.00,0,8,7,11.57,81.00,1,81.00,4,0,0,0.000000,0.00,0,,1,WR,27.0,21,0.2962962962962963,0.047619047619047616,
171,4429205,16,2024,Week 07,Actual Stats,Jordan Addison,0,0.00,0.00,0,0.00,0,4,3,22.00,66.00,0,66.00,1,0,0,0.000000,0.00,0,,1,WR,27.0,21,0.14814814814814814,0.0,
172,4567104,16,2024,Week 07,Actual Stats,Will Reichard,0,0.00,0.00,0,0.00,0,0,0,0.00,0.00,0,0.00,0,0,0,0.000000,0.00,0,,1,K,27.0,21,0.0,0.0,
173,-16016,16,2024,Week 08,Actual Stats,Vikings D/ST,0,0.00,0.00,0,0.00,0,0,0,0.00,0.00,0,0.00,0,0,0,0.000000,0.00,0,,1,DEF,25.0,22,0.0,0.0,
174,3042519,16,2024,Week 08,Actual Stats,Aaron Jones,19,3.05,58.00,0,58.00,2,2,2,18.50,37.00,0,37.00,2,0,0,0.000000,0.00,0,,1,RB,25.0,22,0.08,0.8636363636363636,
175,3912547,16,2024,Week 08,Actual Stats,Sam Darnold,3,2.00,6.00,0,6.00,1,0,0,0.00,0.00,0,0.00,0,25,18,72.000000,240.00,2,,1,QB,25.0,22,0.0,0.13636363636363635,9.6
176,4036133,16,2024,Week 08,Actual Stats,T.J. Hockenson,0,0.00,0.00,0,0.00,0,0,0,0.00,0.00,0,0.00,0,0,0,0.000000,0.00,0,,0,TE,25.0,22,0.0,0.0,
177,4242431,16,2024,Week 08,Actual Stats,Ty Chandler,0,0.00,0.00,0,0.00,0,0,0,0.00,0.00,0,0.00,0,0,0,0.000000,0.00,0,,1,RB,25.0,22,0.0,0.0,
178,4262921,16,2024,Week 08,Actual Stats,Justin Jefferson,0,0.00,0.00,0,0.00,0,9,8,14.38,115.00,0,115.00,6,0,0,0.000000,0.00,0,,1,WR,25.0,22,0.36,0.0,
179,4429205,16,2024,Week 08,Actual Stats,Jordan Addison,0,0.00,0.00,0,0.00,0,3,2,11.00,22.00,0,22.00,2,0,0,0.000000,0.00,0,,1,WR,25.0,22,0.12,0.0,
180,4567104,16,2024,Week 08,Actual Stats,Will Reichard,0,0.00,0.00,0,0.00,0,0,0,0.00,0.00,0,0.00,0,0,0,0.000000,0.00,0,,1,K,25.0,22,0.0,0.0,
181,-16016,16,2024,Week 09,Actual Stats,Vikings D/ST,0,0.00,0.00,0,0.00,0,0,0,0.00,0.00,0,0.00,0,0,0,0.000000,0.00,0,,1,DEF,34.0,32,0.0,0.0,
182,3042519,16,2024,Week 09,Actual Stats,Aaron Jones,21,3.05,64.00,0,64.00,4,4,4,4.50,18.00,0,18.00,1,0,0,0.000000,0.00,0,,1,RB,34.0,32,0.11764705882352941,0.65625,
183,3912547,16,2024,Week 09,Actual Stats,Sam Darnold,4,3.50,14.00,0,14.00,3,0,0,0.00,0.00,0,0.00,0,34,28,82.350000,290.00,3,,1,QB,34.0,32,0.0,0.125,8.529411764705882
184,4036133,16,2024,Week 09,Actual Stats,T.J. Hockenson,0,0.00,0.00,0,0.00,0,4,3,9.00,27.00,0,27.00,1,0,0,0.000000,0.00,0,,1,TE,34.0,32,0.11764705882352941,0.0,
185,4240021,16,2024,Week 09,Actual Stats,Cam Akers,6,7.67,46.00,0,46.00,3,2,2,3.50,7.00,0,7.00,0,0,0,0.000000,0.00,0,,1,RB,34.0,32,0.058823529411764705,0.1875,
186,4242431,16,2024,Week 09,Actual Stats,Ty Chandler,0,0.00,0.00,0,0.00,0,0,0,0.00,0.00,0,0.00,0,0,0,0.000000,0.00,0,,1,RB,34.0,32,0.0,0.0,
187,4262921,16,2024,Week 09,Actual Stats,Justin Jefferson,0,0.00,0.00,0,0.00,0,9,7,19.57,137.00,0,137.00,5,1,1,100.000000,22.00,0,,1,WR,34.0,32,0.2647058823529412,0.0,22.0
188,4429205,16,2024,Week 09,Actual Stats,Jordan Addison,1,9.00,9.00,0,9.00,1,5,5,8.40,42.00,1,42.00,4,0,0,0.000000,0.00,0,,1,WR,34.0,32,0.14705882352941177,0.03125,
0,-16016,16,2024,Week 10,Actual Stats,Vikings D/ST,0,0.00,0.00,0,0.00,0,0,0,0.00,0.00,0,0.00,0,0,0,0.000000,0.00,0,,1,DEF,38.0,38,0.0,0.0,
1,3042519,16,2024,Week 10,Actual Stats,Aaron Jones,17,5.18,88.00,0,88.00,3,3,2,6.50,13.00,0,13.00,0,0,0,0.000000,0.00,0,,1,RB,38.0,38,0.07894736842105263,0.4473684210526316,
2,3912547,16,2024,Week 10,Actual Stats,Sam Darnold,7,4.00,28.00,0,28.00,3,0,0,0.00,0.00,0,0.00,0,38,24,63.160000,241.00,0,,1,QB,38.0,38,0.0,0.18421052631578946,6.342105263157895
3,4036133,16,2024,Week 10,Actual Stats,T.J. Hockenson,0,0.00,0.00,0,0.00,0,9,8,9.00,72.00,0,72.00,6,0,0,0.000000,0.00,0,,1,TE,38.0,38,0.23684210526315788,0.0,
4,4051167,16,2024,Week 10,Actual Stats,John Parker Romo,0,0.00,0.00,0,0.00,0,0,0,0.00,0.00,0,0.00,0,0,0,0.000000,0.00,0,,1,K,38.0,38,0.0,0.0,
5,4240021,16,2024,Week 10,Actual Stats,Cam Akers,13,2.92,38.00,0,38.00,3,1,1,9.00,9.00,0,9.00,0,0,0,0.000000,0.00,0,,1,RB,38.0,38,0.02631578947368421,0.34210526315789475,
6,4262921,16,2024,Week 10,Actual Stats,Justin Jefferson,0,0.00,0.00,0,0.00,0,9,5,9.60,48.00,0,48.00,4,0,0,0.000000,0.00,0,,1,WR,38.0,38,0.23684210526315788,0.0,
7,4429205,16,2024,Week 10,Actual Stats,Jordan Addison,1,4.00,4.00,0,4.00,0,5,2,12.50,25.00,0,25.00,1,0,0,0.000000,0.00,0,,1,WR,38.0,38,0.13157894736842105,0.02631578947368421,
8,-16016,16,2024,Week 11,Actual Stats,Vikings D/ST,0,0.00,0.00,0,0.00,0,0,0,0.00,0.00,0,0.00,0,0,0,0.000000,0.00,0,,1,DEF,32.0,33,0.0,0.0,
9,3042519,16,2024,Week 11,Actual Stats,Aaron Jones,15,2.60,39.00,0,39.00,0,1,1,4.00,4.00,0,4.00,0,0,0,0.000000,0.00,0,,1,RB,32.0,33,0.03125,0.45454545454545453,
10,3912547,16,2024,Week 11,Actual Stats,Sam Darnold,8,2.25,18.00,1,18.00,4,0,0,0.00,0.00,0,0.00,0,32,20,62.500000,246.00,2,,1,QB,32.0,33,0.0,0.24242424242424243,7.6875
11,4036133,16,2024,Week 11,Actual Stats,T.J. Hockenson,0,0.00,0.00,0,0.00,0,3,2,6.50,13.00,0,13.00,2,0,0,0.000000,0.00,0,,1,TE,32.0,33,0.09375,0.0,
12,4240021,16,2024,Week 11,Actual Stats,Cam Akers,10,2.50,25.00,0,25.00,1,2,2,5.50,11.00,1,11.00,1,0,0,0.000000,0.00,0,,1,RB,32.0,33,0.0625,0.30303030303030304,
13,4262921,16,2024,Week 11,Actual Stats,Justin Jefferson,0,0.00,0.00,0,0.00,0,8,6,13.50,81.00,0,81.00,3,0,0,0.000000,0.00,0,,1,WR,32.0,33,0.25,0.0,
14,4429205,16,2024,Week 11,Actual Stats,Jordan Addison,0,0.00,0.00,0,0.00,0,8,3,20.33,61.00,1,61.00,2,0,0,0.000000,0.00,0,,1,WR,32.0,33,0.25,0.0,
15,-16016,16,2024,Week 12,Actual Stats,Vikings D/ST,0,0.00,0.00,0,0.00,0,0,0,0.00,0.00,0,0.00,0,0,0,0.000000,0.00,0,,1,DEF,34.0,27,0.0,0.0,
16,3042519,16,2024,Week 12,Actual Stats,Aaron Jones,22,4.82,106.00,1,106.00,5,4,3,7.67,23.00,0,23.00,1,0,0,0.000000,0.00,0,,1,RB,34.0,27,0.11764705882352941,0.8148148148148148,
17,3912547,16,2024,Week 12,Actual Stats,Sam Darnold,2,-0.50,-1.00,0,-1.00,1,0,0,0.00,0.00,0,0.00,0,34,22,64.710000,330.00,2,,1,QB,34.0,27,0.0,0.07407407407407407,9.705882352941176
18,4036133,16,2024,Week 12,Actual Stats,T.J. Hockenson,0,0.00,0.00,0,0.00,0,9,7,16.29,114.00,0,114.00,4,0,0,0.000000,0.00,0,,1,TE,34.0,27,0.2647058823529412,0.0,
19,4051167,16,2024,Week 12,Actual Stats,John Parker Romo,0,0.00,0.00,0,0.00,0,0,0,0.00,0.00,0,0.00,0,0,0,0.000000,0.00,0,,1,K,34.0,27,0.0,0.0,
20,4240021,16,2024,Week 12,Actual Stats,Cam Akers,3,6.33,19.00,0,19.00,1,1,1,6.00,6.00,0,6.00,0,0,0,0.000000,0.00,0,,1,RB,34.0,27,0.029411764705882353,0.1111111111111111,
21,4262921,16,2024,Week 12,Actual Stats,Justin Jefferson,0,0.00,0.00,0,0.00,0,5,2,13.50,27.00,0,27.00,1,0,0,0.000000,0.00,0,,1,WR,34.0,27,0.14705882352941177,0.0,
22,4429205,16,2024,Week 12,Actual Stats,Jordan Addison,0,0.00,0.00,0,0.00,0,9,8,20.25,162.00,1,162.00,6,0,0,0.000000,0.00,0,,1,WR,34.0,27,0.2647058823529412,0.0,
23,-16016,16,2024,Week 13,Actual Stats,Vikings D/ST,0,0.00,0.00,0,0.00,0,0,0,0.00,0.00,0,0.00,0,0,0,0.000000,0.00,0,,1,DEF,31.0,13,0.0,0.0,
24,3042519,16,2024,Week 13,Actual Stats,Aaron Jones,5,4.40,22.00,0,22.00,1,4,3,2.00,6.00,1,6.00,1,0,0,0.000000,0.00,0,,1,RB,31.0,13,0.12903225806451613,0.38461538461538464,
25,3912547,16,2024,Week 13,Actual Stats,Sam Darnold,4,5.50,22.00,0,22.00,1,0,0,0.00,0.00,0,0.00,0,31,21,67.740000,235.00,2,,1,QB,31.0,13,0.0,0.3076923076923077,7.580645161290323
26,3917792,16,2024,Week 13,Actual Stats,Daniel Jones,0,0.00,0.00,0,0.00,0,0,0,0.00,0.00,0,0.00,0,0,0,0.000000,0.00,0,,0,QB,31.0,13,0.0,0.0,
27,4036133,16,2024,Week 13,Actual Stats,T.J. Hockenson,0,0.00,0.00,0,0.00,0,6,3,9.33,28.00,0,28.00,3,0,0,0.000000,0.00,0,,1,TE,31.0,13,0.1935483870967742,0.0,
28,4051167,16,2024,Week 13,Actual Stats,John Parker Romo,0,0.00,0.00,0,0.00,0,0,0,0.00,0.00,0,0.00,0,0,0,0.000000,0.00,0,,1,K,31.0,13,0.0,0.0,
29,4240021,16,2024,Week 13,Actual Stats,Cam Akers,4,5.50,22.00,0,22.00,1,0,0,0.00,0.00,0,0.00,0,0,0,0.000000,0.00,0,,1,RB,31.0,13,0.0,0.3076923076923077,
30,4262921,16,2024,Week 13,Actual Stats,Justin Jefferson,0,0.00,0.00,0,0.00,0,9,7,14.14,99.00,0,99.00,4,0,0,0.000000,0.00,0,,1,WR,31.0,13,0.2903225806451613,0.0,
31,4429205,16,2024,Week 13,Actual Stats,Jordan Addison,0,0.00,0.00,0,0.00,0,6,4,13.50,54.00,0,54.00,2,0,0,0.000000,0.00,0,,1,WR,31.0,13,0.1935483870967742,0.0,
32,4567104,16,2024,Week 13,Actual Stats,Will Reichard,0,0.00,0.00,0,0.00,0,0,0,0.00,0.00,0,0.00,0,0,0,0.000000,0.00,0,,0,K,31.0,13,0.0,0.0,
33,-16016,16,2024,Week 14,Actual Stats,Vikings D/ST,0,0.00,0.00,0,0.00,0,0,0,0.00,0.00,0,0.00,0,0,0,0.000000,0.00,0,,1,DEF,28.0,22,0.0,0.0,
34,3042519,16,2024,Week 14,Actual Stats,Aaron Jones,13,5.62,73.00,1,73.00,3,2,2,5.50,11.00,0,11.00,0,0,0,0.000000,0.00,0,,1,RB,28.0,22,0.07142857142857142,0.5909090909090909,
35,3912547,16,2024,Week 14,Actual Stats,Sam Darnold,4,1.75,7.00,0,7.00,0,0,0,0.00,0.00,0,0.00,0,28,22,78.570000,347.00,5,,1,QB,28.0,22,0.0,0.18181818181818182,12.392857142857142
36,3917792,16,2024,Week 14,Actual Stats,Daniel Jones,0,0.00,0.00,0,0.00,0,0,0,0.00,0.00,0,0.00,0,0,0,0.000000,0.00,0,,0,QB,28.0,22,0.0,0.0,
37,4036133,16,2024,Week 14,Actual Stats,T.J. Hockenson,0,0.00,0.00,0,0.00,0,5,4,11.25,45.00,0,45.00,3,0,0,0.000000,0.00,0,,1,TE,28.0,22,0.17857142857142858,0.0,
38,4240021,16,2024,Week 14,Actual Stats,Cam Akers,5,7.40,37.00,0,37.00,2,0,0,0.00,0.00,0,0.00,0,0,0,0.000000,0.00,0,,1,RB,28.0,22,0.0,0.22727272727272727,
39,4262921,16,2024,Week 14,Actual Stats,Justin Jefferson,0,0.00,0.00,0,0.00,0,7,7,18.86,132.00,2,132.00,5,0,0,0.000000,0.00,0,,1,WR,28.0,22,0.25,0.0,
40,4429205,16,2024,Week 14,Actual Stats,Jordan Addison,0,0.00,0.00,0,0.00,0,12,8,16.63,133.00,3,133.00,6,0,0,0.000000,0.00,0,,1,WR,28.0,22,0.42857142857142855,0.0,
41,4567104,16,2024,Week 14,Actual Stats,Will Reichard,0,0.00,0.00,0,0.00,0,0,0,0.00,0.00,0,0.00,0,0,0,0.000000,0.00,0,,1,K,28.0,22,0.0,0.0,
42,-16016,16,2024,Week 15,Actual Stats,Vikings D/ST,0,0.00,0.00,0,0.00,0,0,0,0.00,0.00,0,0.00,0,0,0,0.000000,0.00,0,,1,DEF,40.0,28,0.0,0.0,
43,3042519,16,2024,Week 15,Actual Stats,Aaron Jones,18,4.78,86.00,1,86.00,5,3,2,10.00,20.00,0,20.00,1,0,0,0.000000,0.00,0,,1,RB,40.0,28,0.075,0.6428571428571429,
44,3912547,16,2024,Week 15,Actual Stats,Sam Darnold,0,0.00,0.00,0,0.00,0,0,0,0.00,0.00,0,0.00,0,40,24,60.000000,231.00,1,,1,QB,40.0,28,0.0,0.0,5.775
45,3917792,16,2024,Week 15,Actual Stats,Daniel Jones,0,0.00,0.00,0,0.00,0,0,0,0.00,0.00,0,0.00,0,0,0,0.000000,0.00,0,,0,QB,40.0,28,0.0,0.0,
46,4036133,16,2024,Week 15,Actual Stats,T.J. Hockenson,0,0.00,0.00,0,0.00,0,7,5,10.40,52.00,0,52.00,4,0,0,0.000000,0.00,0,,1,TE,40.0,28,0.175,0.0,
47,4240021,16,2024,Week 15,Actual Stats,Cam Akers,10,2.40,24.00,1,24.00,3,0,0,0.00,0.00,0,0.00,0,0,0,0.000000,0.00,0,,1,RB,40.0,28,0.0,0.35714285714285715,
48,4262921,16,2024,Week 15,Actual Stats,Justin Jefferson,0,0.00,0.00,0,0.00,0,13,7,10.43,73.00,1,73.00,3,0,0,0.000000,0.00,0,,1,WR,40.0,28,0.325,0.0,
49,4429205,16,2024,Week 15,Actual Stats,Jordan Addison,0,0.00,0.00,0,0.00,0,9,7,9.00,63.00,0,63.00,3,0,0,0.000000,0.00,0,,1,WR,40.0,28,0.225,0.0,
50,4567104,16,2024,Week 15,Actual Stats,Will Reichard,0,0.00,0.00,0,0.00,0,0,0,0.00,0.00,0,0.00,0,0,0,0.000000,0.00,0,,1,K,40.0,28,0.0,0.0,
51,-16016,16,2024,Week 17,Actual Stats,Vikings D/ST,0,0.00,0.00,0,0.00,0,0,0,0.00,0.00,0,0.00,0,0,0,0.000000,0.00,0,,1,DEF,43.0,20,0.0,0.0,
52,3042519,16,2024,Week 17,Actual Stats,Aaron Jones,12,3.92,47.00,0,47.00,2,5,4,7.50,30.00,0,30.00,3,0,0,0.000000,0.00,0,,1,RB,43.0,20,0.11627906976744186,0.6,
53,3912547,16,2024,Week 17,Actual Stats,Sam Darnold,3,-1.00,-3.00,0,-3.00,0,0,0,0.00,0.00,0,0.00,0,43,33,76.740000,377.00,3,,1,QB,43.0,20,0.0,0.15,8.767441860465116
54,3917792,16,2024,Week 17,Actual Stats,Daniel Jones,0,0.00,0.00,0,0.00,0,0,0,0.00,0.00,0,0.00,0,0,0,0.000000,0.00,0,,0,QB,43.0,20,0.0,0.0,
55,4036133,16,2024,Week 17,Actual Stats,T.J. Hockenson,0,0.00,0.00,0,0.00,0,6,5,13.60,68.00,0,68.00,4,0,0,0.000000,0.00,0,,1,TE,43.0,20,0.13953488372093023,0.0,
56,4242431,16,2024,Week 17,Actual Stats,Ty Chandler,5,1.40,7.00,0,7.00,1,0,0,0.00,0.00,0,0.00,0,0,0,0.000000,0.00,0,,1,RB,43.0,20,0.0,0.25,
57,4262921,16,2024,Week 17,Actual Stats,Justin Jefferson,0,0.00,0.00,0,0.00,0,11,8,11.50,92.00,0,92.00,2,0,0,0.000000,0.00,0,,1,WR,43.0,20,0.2558139534883721,0.0,
58,4429205,16,2024,Week 17,Actual Stats,Jordan Addison,0,0.00,0.00,0,0.00,0,8,6,11.50,69.00,1,69.00,4,0,0,0.000000,0.00,0,,1,WR,43.0,20,0.18604651162790697,0.0,
59,4567104,16,2024,Week 17,Actual Stats,Will Reichard,0,0.00,0.00,0,0.00,0,0,0,0.00,0.00,0,0.00,0,0,0,0.000000,0.00,0,,1,K,43.0,20,0.0,0.0,
60,-16016,16,2024,Week 18,Actual Stats,Vikings D/ST,0,0.00,0.00,0,0.00,0,0,0,0.00,0.00,0,0.00,0,0,0,0.000000,0.00,0,,1,DEF,,16,,0.0,
61,3042519,16,2024,Week 18,Actual Stats,Aaron Jones,10,4.50,45.00,0,45.00,1,6,5,6.00,30.00,0,30.00,2,0,0,0.000000,0.00,0,,1,RB,,16,,0.625,
62,4036133,16,2024,Week 18,Actual Stats,T.J. Hockenson,0,0.00,0.00,0,0.00,0,8,2,4.50,9.00,0,9.00,1,0,0,0.000000,0.00,0,,1,TE,,16,,0.0,
63,4240021,16,2024,Week 18,Actual Stats,Cam Akers,6,10.83,65.00,0,65.00,1,2,2,2.00,4.00,0,4.00,0,0,0,0.000000,0.00,0,,1,RB,,16,,0.375,
64,4242431,16,2024,Week 18,Actual Stats,Ty Chandler,0,0.00,0.00,0,0.00,0,0,0,0.00,0.00,0,0.00,0,0,0,0.000000,0.00,0,,1,RB,,16,,0.0,
65,4262921,16,2024,Week 18,Actual Stats,Justin Jefferson,0,0.00,0.00,0,0.00,0,9,3,18.00,54.00,0,54.00,1,0,0,0.000000,0.00,0,,1,WR,,16,,0.0,
66,4360569,16,2024,Week 18,Actual Stats,Jordan Mason,0,0.00,0.00,0,0.00,0,0,0,0.00,0.00,0,0.00,0,0,0,0.000000,0.00,0,,0,RB,,16,,0.0,
67,4429205,16,2024,Week 18,Actual Stats,Jordan Addison,0,0.00,0.00,0,0.00,0,6,1,0.00,0.00,0,0.00,0,0,0,0.000000,0.00,0,,1,WR,,16,,0.0,
68,4567104,16,2024,Week 18,Actual Stats,Will Reichard,0,0.00,0.00,0,0.00,0,0,0,0.00,0.00,0,0.00,0,0,0,0.000000,0.00,0,,1,K,,16,,0.0,
189,-16016,16,2025,Week 01,Actual Stats,Vikings D/ST,0,0.00,0.00,0,0.00,0,0,0,0.00,0.00,0,0.00,0,0,0,0.000000,0.00,0,0.0,1,DEF,20.0,26,0.0,0.0,
190,16460,16,2025,Week 01,Actual Stats,Adam Thielen,0,0.00,0.00,0,0.00,0,1,0,0.00,0.00,0,0.00,0,0,0,0.000000,0.00,0,0.0,1,WR,20.0,26,0.05,0.0,
191,3042519,16,2025,Week 01,Actual Stats,Aaron Jones Sr.,8,2.88,23.00,0,23.00,1,3,3,14.67,44.00,1,44.00,2,0,0,0.000000,0.00,0,0.0,1,RB,20.0,26,0.15,0.3076923076923077,
192,4036133,16,2025,Week 01,Actual Stats,T.J. Hockenson,0,0.00,0.00,0,0.00,0,4,3,5.00,15.00,0,15.00,0,0,0,0.000000,0.00,0,0.0,1,TE,20.0,26,0.2,0.0,
193,4262921,16,2025,Week 01,Actual Stats,Justin Jefferson,1,4.00,4.00,0,4.00,0,7,4,11.00,44.00,1,44.00,2,0,0,0.000000,0.00,0,0.0,1,WR,20.0,26,0.35,0.038461538461538464,
194,4360569,16,2025,Week 01,Actual Stats,Jordan Mason,15,4.53,68.00,0,68.00,3,1,1,7.00,7.00,0,7.00,0,0,0,0.000000,0.00,0,0.0,1,RB,20.0,26,0.05,0.5769230769230769,
195,4429205,16,2025,Week 01,Actual Stats,Jordan Addison,0,0.00,0.00,0,0.00,0,0,0,0.00,0.00,0,0.00,0,0,0,0.000000,0.00,0,0.0,0,WR,20.0,26,0.0,0.0,
196,4433970,16,2025,Week 01,Actual Stats,J.J. McCarthy,2,12.50,25.00,1,25.00,2,0,0,0.00,0.00,0,0.00,0,20,13,65.000000,143.00,2,1.0,1,QB,20.0,26,0.0,0.07692307692307693,7.15
197,4567104,16,2025,Week 01,Actual Stats,Will Reichard,0,0.00,0.00,0,0.00,0,0,0,0.00,0.00,0,0.00,0,0,0,0.000000,0.00,0,0.0,1,K,20.0,26,0.0,0.0,
198,-16016,16,2025,Week 02,Actual Stats,Vikings D/ST,0,0.00,0.00,0,0.00,0,0,0,0.00,0.00,0,0.00,0,0,0,0.000000,0.00,0,0.0,1,DEF,26.0,24,0.0,0.0,
199,-16016,16,2025,Week 02,Actual Stats,Vikings D/ST,0,0.00,0.00,0,0.00,0,0,0,0.00,0.00,0,0.00,0,0,0,0.000000,0.00,0,0.0,1,DEF,26.0,19,0.0,0.0,
200,-16016,16,2025,Week 02,Actual Stats,Vikings D/ST,0,0.00,0.00,0,0.00,0,0,0,0.00,0.00,0,0.00,0,0,0,0.000000,0.00,0,0.0,1,DEF,21.0,24,0.0,0.0,
201,-16016,16,2025,Week 02,Actual Stats,Vikings D/ST,0,0.00,0.00,0,0.00,0,0,0,0.00,0.00,0,0.00,0,0,0,0.000000,0.00,0,0.0,1,DEF,21.0,19,0.0,0.0,
202,16460,16,2025,Week 02,Actual Stats,Adam Thielen,0,0.00,0.00,0,0.00,0,3,2,13.00,26.00,0,26.00,2,0,0,0.000000,0.00,0,0.0,1,WR,26.0,24,0.11538461538461539,0.0,
203,16460,16,2025,Week 02,Actual Stats,Adam Thielen,0,0.00,0.00,0,0.00,0,3,2,13.00,26.00,0,26.00,2,0,0,0.000000,0.00,0,0.0,1,WR,26.0,19,0.11538461538461539,0.0,
204,16460,16,2025,Week 02,Actual Stats,Adam Thielen,0,0.00,0.00,0,0.00,0,3,2,13.00,26.00,0,26.00,2,0,0,0.000000,0.00,0,0.0,1,WR,21.0,24,0.14285714285714285,0.0,
205,16460,16,2025,Week 02,Actual Stats,Adam Thielen,0,0.00,0.00,0,0.00,0,3,2,13.00,26.00,0,26.00,2,0,0,0.000000,0.00,0,0.0,1,WR,21.0,19,0.14285714285714285,0.0,
206,2573079,16,2025,Week 02,Actual Stats,Carson Wentz,0,0.00,0.00,0,0.00,0,0,0,0.00,0.00,0,0.00,0,0,0,0.000000,0.00,0,0.0,0,,26.0,24,0.0,0.0,
207,2573079,16,2025,Week 02,Actual Stats,Carson Wentz,0,0.00,0.00,0,0.00,0,0,0,0.00,0.00,0,0.00,0,0,0,0.000000,0.00,0,0.0,0,,26.0,19,0.0,0.0,
208,2573079,16,2025,Week 02,Actual Stats,Carson Wentz,0,0.00,0.00,0,0.00,0,0,0,0.00,0.00,0,0.00,0,0,0,0.000000,0.00,0,0.0,0,,21.0,24,0.0,0.0,
209,2573079,16,2025,Week 02,Actual Stats,Carson Wentz,0,0.00,0.00,0,0.00,0,0,0,0.00,0.00,0,0.00,0,0,0,0.000000,0.00,0,0.0,0,,21.0,19,0.0,0.0,
210,3042519,16,2025,Week 02,Actual Stats,Aaron Jones Sr.,5,4.60,23.00,0,23.00,0,1,0,0.00,0.00,0,0.00,0,0,0,0.000000,0.00,0,0.0,1,RB,26.0,24,0.038461538461538464,0.20833333333333334,
211,3042519,16,2025,Week 02,Actual Stats,Aaron Jones Sr.,5,4.60,23.00,0,23.00,0,1,0,0.00,0.00,0,0.00,0,0,0,0.000000,0.00,0,0.0,1,RB,26.0,19,0.038461538461538464,0.2631578947368421,
212,3042519,16,2025,Week 02,Actual Stats,Aaron Jones Sr.,5,4.60,23.00,0,23.00,0,1,0,0.00,0.00,0,0.00,0,0,0,0.000000,0.00,0,0.0,1,RB,21.0,24,0.047619047619047616,0.20833333333333334,
213,3042519,16,2025,Week 02,Actual Stats,Aaron Jones Sr.,5,4.60,23.00,0,23.00,0,1,0,0.00,0.00,0,0.00,0,0,0,0.000000,0.00,0,0.0,1,RB,21.0,19,0.047619047619047616,0.2631578947368421,
214,4036133,16,2025,Week 02,Actual Stats,T.J. Hockenson,0,0.00,0.00,0,0.00,0,3,1,12.00,12.00,0,12.00,1,0,0,0.000000,0.00,0,0.0,1,TE,26.0,24,0.11538461538461539,0.0,
215,4036133,16,2025,Week 02,Actual Stats,T.J. Hockenson,0,0.00,0.00,0,0.00,0,3,1,12.00,12.00,0,12.00,1,0,0,0.000000,0.00,0,0.0,1,TE,26.0,19,0.11538461538461539,0.0,
216,4036133,16,2025,Week 02,Actual Stats,T.J. Hockenson,0,0.00,0.00,0,0.00,0,3,1,12.00,12.00,0,12.00,1,0,0,0.000000,0.00,0,0.0,1,TE,21.0,24,0.14285714285714285,0.0,
217,4036133,16,2025,Week 02,Actual Stats,T.J. Hockenson,0,0.00,0.00,0,0.00,0,3,1,12.00,12.00,0,12.00,1,0,0,0.000000,0.00,0,0.0,1,TE,21.0,19,0.14285714285714285,0.0,
218,4262921,16,2025,Week 02,Actual Stats,Justin Jefferson,0,0.00,0.00,0,0.00,0,6,3,27.00,81.00,0,81.00,2,0,0,0.000000,0.00,0,0.0,1,WR,26.0,24,0.23076923076923078,0.0,
219,4262921,16,2025,Week 02,Actual Stats,Justin Jefferson,0,0.00,0.00,0,0.00,0,6,3,27.00,81.00,0,81.00,2,0,0,0.000000,0.00,0,0.0,1,WR,26.0,19,0.23076923076923078,0.0,
220,4262921,16,2025,Week 02,Actual Stats,Justin Jefferson,0,0.00,0.00,0,0.00,0,6,3,27.00,81.00,0,81.00,2,0,0,0.000000,0.00,0,0.0,1,WR,21.0,24,0.2857142857142857,0.0,
221,4262921,16,2025,Week 02,Actual Stats,Justin Jefferson,0,0.00,0.00,0,0.00,0,6,3,27.00,81.00,0,81.00,2,0,0,0.000000,0.00,0,0.0,1,WR,21.0,19,0.2857142857142857,0.0,
222,4360569,16,2025,Week 02,Actual Stats,Jordan Mason,9,3.33,30.00,0,30.00,2,3,2,4.00,8.00,0,8.00,0,0,0,0.000000,0.00,0,0.0,1,RB,26.0,24,0.11538461538461539,0.375,
223,4360569,16,2025,Week 02,Actual Stats,Jordan Mason,9,3.33,30.00,0,30.00,2,3,2,4.00,8.00,0,8.00,0,0,0,0.000000,0.00,0,0.0,1,RB,26.0,19,0.11538461538461539,0.47368421052631576,
224,4360569,16,2025,Week 02,Actual Stats,Jordan Mason,9,3.33,30.00,0,30.00,2,3,2,4.00,8.00,0,8.00,0,0,0,0.000000,0.00,0,0.0,1,RB,21.0,24,0.14285714285714285,0.375,
225,4360569,16,2025,Week 02,Actual Stats,Jordan Mason,9,3.33,30.00,0,30.00,2,3,2,4.00,8.00,0,8.00,0,0,0,0.000000,0.00,0,0.0,1,RB,21.0,19,0.14285714285714285,0.47368421052631576,
226,4429205,16,2025,Week 02,Actual Stats,Jordan Addison,0,0.00,0.00,0,0.00,0,0,0,0.00,0.00,0,0.00,0,0,0,0.000000,0.00,0,0.0,0,WR,26.0,24,0.0,0.0,
227,4429205,16,2025,Week 02,Actual Stats,Jordan Addison,0,0.00,0.00,0,0.00,0,0,0,0.00,0.00,0,0.00,0,0,0,0.000000,0.00,0,0.0,0,WR,26.0,19,0.0,0.0,
228,4429205,16,2025,Week 02,Actual Stats,Jordan Addison,0,0.00,0.00,0,0.00,0,0,0,0.00,0.00,0,0.00,0,0,0,0.000000,0.00,0,0.0,0,WR,21.0,24,0.0,0.0,
229,4429205,16,2025,Week 02,Actual Stats,Jordan Addison,0,0.00,0.00,0,0.00,0,0,0,0.00,0.00,0,0.00,0,0,0,0.000000,0.00,0,0.0,0,WR,21.0,19,0.0,0.0,
230,4433970,16,2025,Week 02,Actual Stats,J.J. McCarthy,5,5.00,25.00,0,25.00,1,0,0,0.00,0.00,0,0.00,0,21,11,52.380000,158.00,0,2.0,1,QB,26.0,24,0.0,0.20833333333333334,7.523809523809524
231,4433970,16,2025,Week 02,Actual Stats,J.J. McCarthy,5,5.00,25.00,0,25.00,1,0,0,0.00,0.00,0,0.00,0,21,11,52.380000,158.00,0,2.0,1,QB,26.0,19,0.0,0.2631578947368421,7.523809523809524
232,4433970,16,2025,Week 02,Actual Stats,J.J. McCarthy,5,5.00,25.00,0,25.00,1,0,0,0.00,0.00,0,0.00,0,21,11,52.380000,158.00,0,2.0,1,QB,21.0,24,0.0,0.20833333333333334,7.523809523809524
233,4433970,16,2025,Week 02,Actual Stats,J.J. McCarthy,5,5.00,25.00,0,25.00,1,0,0,0.00,0.00,0,0.00,0,21,11,52.380000,158.00,0,2.0,1,QB,21.0,19,0.0,0.2631578947368421,7.523809523809524
234,4567104,16,2025,Week 02,Actual Stats,Will Reichard,0,0.00,0.00,0,0.00,0,0,0,0.00,0.00,0,0.00,0,0,0,0.000000,0.00,0,0.0,1,K,26.0,24,0.0,0.0,
235,4567104,16,2025,Week 02,Actual Stats,Will Reichard,0,0.00,0.00,0,0.00,0,0,0,0.00,0.00,0,0.00,0,0,0,0.000000,0.00,0,0.0,1,K,26.0,19,0.0,0.0,
236,4567104,16,2025,Week 02,Actual Stats,Will Reichard,0,0.00,0.00,0,0.00,0,0,0,0.00,0.00,0,0.00,0,0,0,0.000000,0.00,0,0.0,1,K,21.0,24,0.0,0.0,
237,4567104,16,2025,Week 02,Actual Stats,Will Reichard,0,0.00,0.00,0,0.00,0,0,0,0.00,0.00,0,0.00,0,0,0,0.000000,0.00,0,0.0,1,K,21.0,19,0.0,0.0,
238,-16016,16,2025,Week 03,Actual Stats,Vikings D/ST,0,0.00,0.00,0,0.00,0,0,0,0.00,0.00,0,0.00,0,0,0,0.000000,0.00,0,0.0,1,DEF,0.0,18,,0.0,
239,16460,16,2025,Week 03,Actual Stats,Adam Thielen,0,0.00,0.00,0,0.00,0,2,0,0.00,0.00,0,0.00,0,0,0,0.000000,0.00,0,0.0,1,WR,0.0,18,inf,0.0,
240,2573079,16,2025,Week 03,Actual Stats,Carson Wentz,2,2.00,4.00,0,4.00,0,0,0,0.00,0.00,0,0.00,0,20,14,70.000000,173.00,2,0.0,1,,0.0,18,,0.1111111111111111,8.65
241,3042519,16,2025,Week 03,Actual Stats,Aaron Jones Sr.,0,0.00,0.00,0,0.00,0,0,0,0.00,0.00,0,0.00,0,0,0,0.000000,0.00,0,0.0,0,RB,0.0,18,,0.0,
242,4036133,16,2025,Week 03,Actual Stats,T.J. Hockenson,0,0.00,0.00,0,0.00,0,6,5,9.80,49.00,1,49.00,4,0,0,0.000000,0.00,0,0.0,1,TE,0.0,18,inf,0.0,
243,4262921,16,2025,Week 03,Actual Stats,Justin Jefferson,0,0.00,0.00,0,0.00,0,7,5,15.00,75.00,0,75.00,2,0,0,0.000000,0.00,0,0.0,1,WR,0.0,18,inf,0.0,
244,4360569,16,2025,Week 03,Actual Stats,Jordan Mason,16,7.25,116.00,2,116.00,7,0,0,0.00,0.00,0,0.00,0,0,0,0.000000,0.00,0,0.0,1,RB,0.0,18,,0.8888888888888888,
245,4429205,16,2025,Week 03,Actual Stats,Jordan Addison,0,0.00,0.00,0,0.00,0,0,0,0.00,0.00,0,0.00,0,0,0,0.000000,0.00,0,0.0,0,WR,0.0,18,,0.0,
246,4433970,16,2025,Week 03,Actual Stats,J.J. McCarthy,0,0.00,0.00,0,0.00,0,0,0,0.00,0.00,0,0.00,0,0,0,0.000000,0.00,0,0.0,0,QB,0.0,18,,0.0,
247,4567104,16,2025,Week 03,Actual Stats,Will Reichard,0,0.00,0.00,0,0.00,0,0,0,0.00,0.00,0,0.00,0,0,0,0.000000,0.00,0,0.0,1,K,0.0,18,,0.0,
248,-16016,16,2025,Week 04,Actual Stats,Vikings D/ST,0,0.00,0.00,0,0.00,0,0,0,0.00,0.00,0,0.00,0,0,0,0.000000,0.00,0,0.0,1,DEF,28.0,34,0.0,0.0,
249,-16016,16,2025,Week 04,Actual Stats,Vikings D/ST,0,0.00,0.00,0,0.00,0,0,0,0.00,0.00,0,0.00,0,0,0,0.000000,0.00,0,0.0,1,DEF,28.0,18,0.0,0.0,
250,-16016,16,2025,Week 04,Actual Stats,Vikings D/ST,0,0.00,0.00,0,0.00,0,0,0,0.00,0.00,0,0.00,0,0,0,0.000000,0.00,0,0.0,1,DEF,0.0,34,,0.0,
251,-16016,16,2025,Week 04,Actual Stats,Vikings D/ST,0,0.00,0.00,0,0.00,0,0,0,0.00,0.00,0,0.00,0,0,0,0.000000,0.00,0,0.0,1,DEF,0.0,18,,0.0,
252,2573079,16,2025,Week 04,Actual Stats,Carson Wentz,2,6.00,12.00,0,12.00,1,0,0,0.00,0.00,0,0.00,0,46,30,65.220000,350.00,2,2.0,1,,28.0,34,0.0,0.058823529411764705,7.608695652173913
253,2573079,16,2025,Week 04,Actual Stats,Carson Wentz,2,6.00,12.00,0,12.00,1,0,0,0.00,0.00,0,0.00,0,46,30,65.220000,350.00,2,2.0,1,,28.0,18,0.0,0.1111111111111111,7.608695652173913
254,2573079,16,2025,Week 04,Actual Stats,Carson Wentz,2,6.00,12.00,0,12.00,1,0,0,0.00,0.00,0,0.00,0,46,30,65.220000,350.00,2,2.0,1,,0.0,34,,0.058823529411764705,7.608695652173913
255,2573079,16,2025,Week 04,Actual Stats,Carson Wentz,2,6.00,12.00,0,12.00,1,0,0,0.00,0.00,0,0.00,0,46,30,65.220000,350.00,2,2.0,1,,0.0,18,,0.1111111111111111,7.608695652173913
256,3042519,16,2025,Week 04,Actual Stats,Aaron Jones Sr.,0,0.00,0.00,0,0.00,0,0,0,0.00,0.00,0,0.00,0,0,0,0.000000,0.00,0,0.0,0,RB,28.0,34,0.0,0.0,
257,3042519,16,2025,Week 04,Actual Stats,Aaron Jones Sr.,0,0.00,0.00,0,0.00,0,0,0,0.00,0.00,0,0.00,0,0,0,0.000000,0.00,0,0.0,0,RB,28.0,18,0.0,0.0,
258,3042519,16,2025,Week 04,Actual Stats,Aaron Jones Sr.,0,0.00,0.00,0,0.00,0,0,0,0.00,0.00,0,0.00,0,0,0,0.000000,0.00,0,0.0,0,RB,0.0,34,,0.0,
259,3042519,16,2025,Week 04,Actual Stats,Aaron Jones Sr.,0,0.00,0.00,0,0.00,0,0,0,0.00,0.00,0,0.00,0,0,0,0.000000,0.00,0,0.0,0,RB,0.0,18,,0.0,
260,4036133,16,2025,Week 04,Actual Stats,T.J. Hockenson,0,0.00,0.00,0,0.00,0,5,4,9.75,39.00,0,39.00,1,0,0,0.000000,0.00,0,0.0,1,TE,28.0,34,0.17857142857142858,0.0,
261,4036133,16,2025,Week 04,Actual Stats,T.J. Hockenson,0,0.00,0.00,0,0.00,0,5,4,9.75,39.00,0,39.00,1,0,0,0.000000,0.00,0,0.0,1,TE,28.0,18,0.17857142857142858,0.0,
262,4036133,16,2025,Week 04,Actual Stats,T.J. Hockenson,0,0.00,0.00,0,0.00,0,5,4,9.75,39.00,0,39.00,1,0,0,0.000000,0.00,0,0.0,1,TE,0.0,34,inf,0.0,
263,4036133,16,2025,Week 04,Actual Stats,T.J. Hockenson,0,0.00,0.00,0,0.00,0,5,4,9.75,39.00,0,39.00,1,0,0,0.000000,0.00,0,0.0,1,TE,0.0,18,inf,0.0,
264,4262921,16,2025,Week 04,Actual Stats,Justin Jefferson,0,0.00,0.00,0,0.00,0,11,10,12.60,126.00,0,126.00,5,0,0,0.000000,0.00,0,0.0,1,WR,28.0,34,0.39285714285714285,0.0,
265,4262921,16,2025,Week 04,Actual Stats,Justin Jefferson,0,0.00,0.00,0,0.00,0,11,10,12.60,126.00,0,126.00,5,0,0,0.000000,0.00,0,0.0,1,WR,28.0,18,0.39285714285714285,0.0,
266,4262921,16,2025,Week 04,Actual Stats,Justin Jefferson,0,0.00,0.00,0,0.00,0,11,10,12.60,126.00,0,126.00,5,0,0,0.000000,0.00,0,0.0,1,WR,0.0,34,inf,0.0,
267,4262921,16,2025,Week 04,Actual Stats,Justin Jefferson,0,0.00,0.00,0,0.00,0,11,10,12.60,126.00,0,126.00,5,0,0,0.000000,0.00,0,0.0,1,WR,0.0,18,inf,0.0,
268,4360569,16,2025,Week 04,Actual Stats,Jordan Mason,16,3.56,57.00,0,57.00,5,3,3,5.00,15.00,0,15.00,1,0,0,0.000000,0.00,0,0.0,1,RB,28.0,34,0.10714285714285714,0.47058823529411764,
269,4360569,16,2025,Week 04,Actual Stats,Jordan Mason,16,3.56,57.00,0,57.00,5,3,3,5.00,15.00,0,15.00,1,0,0,0.000000,0.00,0,0.0,1,RB,28.0,18,0.10714285714285714,0.8888888888888888,
270,4360569,16,2025,Week 04,Actual Stats,Jordan Mason,16,3.56,57.00,0,57.00,5,3,3,5.00,15.00,0,15.00,1,0,0,0.000000,0.00,0,0.0,1,RB,0.0,34,inf,0.47058823529411764,
271,4360569,16,2025,Week 04,Actual Stats,Jordan Mason,16,3.56,57.00,0,57.00,5,3,3,5.00,15.00,0,15.00,1,0,0,0.000000,0.00,0,0.0,1,RB,0.0,18,inf,0.8888888888888888,
272,4429205,16,2025,Week 04,Actual Stats,Jordan Addison,0,0.00,0.00,0,0.00,0,8,4,28.50,114.00,0,114.00,2,0,0,0.000000,0.00,0,0.0,1,WR,28.0,34,0.2857142857142857,0.0,
273,4429205,16,2025,Week 04,Actual Stats,Jordan Addison,0,0.00,0.00,0,0.00,0,8,4,28.50,114.00,0,114.00,2,0,0,0.000000,0.00,0,0.0,1,WR,28.0,18,0.2857142857142857,0.0,
274,4429205,16,2025,Week 04,Actual Stats,Jordan Addison,0,0.00,0.00,0,0.00,0,8,4,28.50,114.00,0,114.00,2,0,0,0.000000,0.00,0,0.0,1,WR,0.0,34,inf,0.0,
275,4429205,16,2025,Week 04,Actual Stats,Jordan Addison,0,0.00,0.00,0,0.00,0,8,4,28.50,114.00,0,114.00,2,0,0,0.000000,0.00,0,0.0,1,WR,0.0,18,inf,0.0,
276,4433970,16,2025,Week 04,Actual Stats,J.J. McCarthy,0,0.00,0.00,0,0.00,0,0,0,0.00,0.00,0,0.00,0,0,0,0.000000,0.00,0,0.0,0,QB,28.0,34,0.0,0.0,
277,4433970,16,2025,Week 04,Actual Stats,J.J. McCarthy,0,0.00,0.00,0,0.00,0,0,0,0.00,0.00,0,0.00,0,0,0,0.000000,0.00,0,0.0,0,QB,28.0,18,0.0,0.0,
278,4433970,16,2025,Week 04,Actual Stats,J.J. McCarthy,0,0.00,0.00,0,0.00,0,0,0,0.00,0.00,0,0.00,0,0,0,0.000000,0.00,0,0.0,0,QB,0.0,34,,0.0,
279,4433970,16,2025,Week 04,Actual Stats,J.J. McCarthy,0,0.00,0.00,0,0.00,0,0,0,0.00,0.00,0,0.00,0,0,0,0.000000,0.00,0,0.0,0,QB,0.0,18,,0.0,
280,4567104,16,2025,Week 04,Actual Stats,Will Reichard,0,0.00,0.00,0,0.00,0,0,0,0.00,0.00,0,0.00,0,0,0,0.000000,0.00,0,0.0,1,K,28.0,34,0.0,0.0,
281,4567104,16,2025,Week 04,Actual Stats,Will Reichard,0,0.00,0.00,0,0.00,0,0,0,0.00,0.00,0,0.00,0,0,0,0.000000,0.00,0,0.0,1,K,28.0,18,0.0,0.0,
282,4567104,16,2025,Week 04,Actual Stats,Will Reichard,0,0.00,0.00,0,0.00,0,0,0,0.00,0.00,0,0.00,0,0,0,0.000000,0.00,0,0.0,1,K,0.0,34,,0.0,
283,4567104,16,2025,Week 04,Actual Stats,Will Reichard,0,0.00,0.00,0,0.00,0,0,0,0.00,0.00,0,0.00,0,0,0,0.000000,0.00,0,0.0,1,K,0.0,18,,0.0,
284,-16016,16,2025,Week 05,Actual Stats,Vikings D/ST,0,0.00,0.00,0,0.00,0,0,0,0.00,0.00,0,0.00,0,0,0,0.000000,0.00,0,0.0,1,DEF,31.0,26,0.0,0.0,
285,-16016,16,2025,Week 05,Actual Stats,Vikings D/ST,0,0.00,0.00,0,0.00,0,0,0,0.00,0.00,0,0.00,0,0,0,0.000000,0.00,0,0.0,1,DEF,31.0,16,0.0,0.0,
286,-16016,16,2025,Week 05,Actual Stats,Vikings D/ST,0,0.00,0.00,0,0.00,0,0,0,0.00,0.00,0,0.00,0,0,0,0.000000,0.00,0,0.0,1,DEF,0.0,26,,0.0,
287,-16016,16,2025,Week 05,Actual Stats,Vikings D/ST,0,0.00,0.00,0,0.00,0,0,0,0.00,0.00,0,0.00,0,0,0,0.000000,0.00,0,0.0,1,DEF,0.0,16,,0.0,
288,2573079,16,2025,Week 05,Actual Stats,Carson Wentz,3,4.33,13.00,0,13.00,0,0,0,0.00,0.00,0,0.00,0,34,25,73.530000,236.00,1,0.0,1,,31.0,26,0.0,0.11538461538461539,6.9411764705882355
289,2573079,16,2025,Week 05,Actual Stats,Carson Wentz,3,4.33,13.00,0,13.00,0,0,0,0.00,0.00,0,0.00,0,34,25,73.530000,236.00,1,0.0,1,,31.0,16,0.0,0.1875,6.9411764705882355
290,2573079,16,2025,Week 05,Actual Stats,Carson Wentz,3,4.33,13.00,0,13.00,0,0,0,0.00,0.00,0,0.00,0,34,25,73.530000,236.00,1,0.0,1,,0.0,26,,0.11538461538461539,6.9411764705882355
291,2573079,16,2025,Week 05,Actual Stats,Carson Wentz,3,4.33,13.00,0,13.00,0,0,0,0.00,0.00,0,0.00,0,34,25,73.530000,236.00,1,0.0,1,,0.0,16,,0.1875,6.9411764705882355
292,3042519,16,2025,Week 05,Actual Stats,Aaron Jones Sr.,0,0.00,0.00,0,0.00,0,0,0,0.00,0.00,0,0.00,0,0,0,0.000000,0.00,0,0.0,0,RB,31.0,26,0.0,0.0,
293,3042519,16,2025,Week 05,Actual Stats,Aaron Jones Sr.,0,0.00,0.00,0,0.00,0,0,0,0.00,0.00,0,0.00,0,0,0,0.000000,0.00,0,0.0,0,RB,31.0,16,0.0,0.0,
294,3042519,16,2025,Week 05,Actual Stats,Aaron Jones Sr.,0,0.00,0.00,0,0.00,0,0,0,0.00,0.00,0,0.00,0,0,0,0.000000,0.00,0,0.0,0,RB,0.0,26,,0.0,
295,3042519,16,2025,Week 05,Actual Stats,Aaron Jones Sr.,0,0.00,0.00,0,0.00,0,0,0,0.00,0.00,0,0.00,0,0,0,0.000000,0.00,0,0.0,0,RB,0.0,16,,0.0,
296,4036133,16,2025,Week 05,Actual Stats,T.J. Hockenson,0,0.00,0.00,0,0.00,0,6,6,6.33,38.00,0,38.00,2,0,0,0.000000,0.00,0,0.0,1,TE,31.0,26,0.1935483870967742,0.0,
297,4036133,16,2025,Week 05,Actual Stats,T.J. Hockenson,0,0.00,0.00,0,0.00,0,6,6,6.33,38.00,0,38.00,2,0,0,0.000000,0.00,0,0.0,1,TE,31.0,16,0.1935483870967742,0.0,
298,4036133,16,2025,Week 05,Actual Stats,T.J. Hockenson,0,0.00,0.00,0,0.00,0,6,6,6.33,38.00,0,38.00,2,0,0,0.000000,0.00,0,0.0,1,TE,0.0,26,inf,0.0,
299,4036133,16,2025,Week 05,Actual Stats,T.J. Hockenson,0,0.00,0.00,0,0.00,0,6,6,6.33,38.00,0,38.00,2,0,0,0.000000,0.00,0,0.0,1,TE,0.0,16,inf,0.0,
300,4262921,16,2025,Week 05,Actual Stats,Justin Jefferson,0,0.00,0.00,0,0.00,0,11,7,17.57,123.00,0,123.00,6,0,0,0.000000,0.00,0,0.0,1,WR,31.0,26,0.3548387096774194,0.0,
301,4262921,16,2025,Week 05,Actual Stats,Justin Jefferson,0,0.00,0.00,0,0.00,0,11,7,17.57,123.00,0,123.00,6,0,0,0.000000,0.00,0,0.0,1,WR,31.0,16,0.3548387096774194,0.0,
302,4262921,16,2025,Week 05,Actual Stats,Justin Jefferson,0,0.00,0.00,0,0.00,0,11,7,17.57,123.00,0,123.00,6,0,0,0.000000,0.00,0,0.0,1,WR,0.0,26,inf,0.0,
303,4262921,16,2025,Week 05,Actual Stats,Justin Jefferson,0,0.00,0.00,0,0.00,0,11,7,17.57,123.00,0,123.00,6,0,0,0.000000,0.00,0,0.0,1,WR,0.0,16,inf,0.0,
304,4360569,16,2025,Week 05,Actual Stats,Jordan Mason,13,4.00,52.00,1,52.00,3,4,3,1.33,4.00,0,4.00,0,0,0,0.000000,0.00,0,0.0,1,RB,31.0,26,0.12903225806451613,0.5,
305,4360569,16,2025,Week 05,Actual Stats,Jordan Mason,13,4.00,52.00,1,52.00,3,4,3,1.33,4.00,0,4.00,0,0,0,0.000000,0.00,0,0.0,1,RB,31.0,16,0.12903225806451613,0.8125,
306,4360569,16,2025,Week 05,Actual Stats,Jordan Mason,13,4.00,52.00,1,52.00,3,4,3,1.33,4.00,0,4.00,0,0,0,0.000000,0.00,0,0.0,1,RB,0.0,26,inf,0.5,
307,4360569,16,2025,Week 05,Actual Stats,Jordan Mason,13,4.00,52.00,1,52.00,3,4,3,1.33,4.00,0,4.00,0,0,0,0.000000,0.00,0,0.0,1,RB,0.0,16,inf,0.8125,
308,4429205,16,2025,Week 05,Actual Stats,Jordan Addison,0,0.00,0.00,0,0.00,0,6,5,8.20,41.00,1,41.00,3,0,0,0.000000,0.00,0,0.0,1,WR,31.0,26,0.1935483870967742,0.0,
309,4429205,16,2025,Week 05,Actual Stats,Jordan Addison,0,0.00,0.00,0,0.00,0,6,5,8.20,41.00,1,41.00,3,0,0,0.000000,0.00,0,0.0,1,WR,31.0,16,0.1935483870967742,0.0,
310,4429205,16,2025,Week 05,Actual Stats,Jordan Addison,0,0.00,0.00,0,0.00,0,6,5,8.20,41.00,1,41.00,3,0,0,0.000000,0.00,0,0.0,1,WR,0.0,26,inf,0.0,
311,4429205,16,2025,Week 05,Actual Stats,Jordan Addison,0,0.00,0.00,0,0.00,0,6,5,8.20,41.00,1,41.00,3,0,0,0.000000,0.00,0,0.0,1,WR,0.0,16,inf,0.0,
312,4433970,16,2025,Week 05,Actual Stats,J.J. McCarthy,0,0.00,0.00,0,0.00,0,0,0,0.00,0.00,0,0.00,0,0,0,0.000000,0.00,0,0.0,0,QB,31.0,26,0.0,0.0,
313,4433970,16,2025,Week 05,Actual Stats,J.J. McCarthy,0,0.00,0.00,0,0.00,0,0,0,0.00,0.00,0,0.00,0,0,0,0.000000,0.00,0,0.0,0,QB,31.0,16,0.0,0.0,
314,4433970,16,2025,Week 05,Actual Stats,J.J. McCarthy,0,0.00,0.00,0,0.00,0,0,0,0.00,0.00,0,0.00,0,0,0,0.000000,0.00,0,0.0,0,QB,0.0,26,,0.0,
315,4433970,16,2025,Week 05,Actual Stats,J.J. McCarthy,0,0.00,0.00,0,0.00,0,0,0,0.00,0.00,0,0.00,0,0,0,0.000000,0.00,0,0.0,0,QB,0.0,16,,0.0,
316,4567104,16,2025,Week 05,Actual Stats,Will Reichard,0,0.00,0.00,0,0.00,0,0,0,0.00,0.00,0,0.00,0,0,0,0.000000,0.00,0,0.0,1,K,31.0,26,0.0,0.0,
317,4567104,16,2025,Week 05,Actual Stats,Will Reichard,0,0.00,0.00,0,0.00,0,0,0,0.00,0.00,0,0.00,0,0,0,0.000000,0.00,0,0.0,1,K,31.0,16,0.0,0.0,
318,4567104,16,2025,Week 05,Actual Stats,Will Reichard,0,0.00,0.00,0,0.00,0,0,0,0.00,0.00,0,0.00,0,0,0,0.000000,0.00,0,0.0,1,K,0.0,26,,0.0,
319,4567104,16,2025,Week 05,Actual Stats,Will Reichard,0,0.00,0.00,0,0.00,0,0,0,0.00,0.00,0,0.00,0,0,0,0.000000,0.00,0,0.0,1,K,0.0,16,,0.0,
